{"cameraMode":{"drawMode":0,"name":"Shaded","section":"Shading Mode"},"sceneLighting":true,"audioPlay":false,"sceneViewState":{"showFog":false,"showMaterialUpdate":false,"showSkybox":false,"showFlares":false,"showImageEffects":false,"showParticleSystems":false},"in2DMode":false,"pivot":{"x":6.130072593688965,"y":-1.1701531410217286,"z":-1.182551383972168},"rotation":{"x":0.2121613621711731,"y":0.09452810883522034,"z":-0.02062349207699299,"w":0.9724334478378296},"size":18.398143768310548,"orthographic":false}