{"cameraMode":{"drawMode":0,"name":"Shaded","section":"Shading Mode"},"sceneLighting":true,"audioPlay":false,"sceneViewState":{"showFog":false,"showMaterialUpdate":false,"showSkybox":false,"showFlares":false,"showImageEffects":false,"showParticleSystems":false},"in2DMode":false,"pivot":{"x":19.04550552368164,"y":1.7982611656188965,"z":26.138744354248048},"rotation":{"x":0.011688637547194958,"y":0.015595449134707451,"z":0.00018231209833174944,"w":-0.999811589717865},"size":47.46331024169922,"orthographic":false}