{"cameraMode":{"drawMode":0,"name":"Shaded","section":"Shading Mode"},"sceneLighting":true,"audioPlay":false,"sceneViewState":{"showFog":false,"showMaterialUpdate":false,"showSkybox":false,"showFlares":false,"showImageEffects":false,"showParticleSystems":false},"in2DMode":false,"pivot":{"x":83.05452728271485,"y":-44.81718063354492,"z":111.63424682617188},"rotation":{"x":0.15083986520767213,"y":0.30529969930648806,"z":-0.04904818534851074,"w":0.9389561414718628},"size":160.4045867919922,"orthographic":false}