{"cameraMode":{"drawMode":0,"name":"Shaded","section":"Shading Mode"},"sceneLighting":true,"audioPlay":false,"sceneViewState":{"showFog":false,"showMaterialUpdate":false,"showSkybox":false,"showFlares":false,"showImageEffects":false,"showParticleSystems":false},"in2DMode":false,"pivot":{"x":56.50054168701172,"y":4.808528900146484,"z":4.441444396972656},"rotation":{"x":0.14964532852172852,"y":-0.03617551922798157,"z":0.0054793632589280609,"w":0.9880625605583191},"size":84.67142486572266,"orthographic":false}