{"cameraMode":{"drawMode":0,"name":"Shaded","section":"Shading Mode"},"sceneLighting":false,"audioPlay":false,"sceneViewState":{"showFog":false,"showMaterialUpdate":false,"showSkybox":false,"showFlares":false,"showImageEffects":false,"showParticleSystems":false},"in2DMode":false,"pivot":{"x":8.130000114440918,"y":0.9899999499320984,"z":0.0},"rotation":{"x":0.13325223326683045,"y":0.04844732582569122,"z":-0.006521322298794985,"w":0.9898756742477417},"size":8.954782485961914,"orthographic":false}