{"cameraMode":{"drawMode":0,"name":"Shaded","section":"Shading Mode"},"sceneLighting":true,"audioPlay":false,"sceneViewState":{"showFog":false,"showMaterialUpdate":false,"showSkybox":false,"showFlares":false,"showImageEffects":false,"showParticleSystems":false},"in2DMode":false,"pivot":{"x":13.44809627532959,"y":0.085304856300354,"z":-1.3394775390625},"rotation":{"x":0.012282478623092175,"y":0.023362984880805017,"z":-0.00028925109654664993,"w":0.9996563196182251},"size":80.26899719238281,"orthographic":false}