{"cameraMode":{"drawMode":0,"name":"Shaded","section":"Shading Mode"},"sceneLighting":true,"audioPlay":false,"sceneViewState":{"showFog":false,"showMaterialUpdate":false,"showSkybox":false,"showFlares":false,"showImageEffects":false,"showParticleSystems":false},"in2DMode":false,"pivot":{"x":-6.8028106689453129,"y":-63.4874267578125,"z":44.65289306640625},"rotation":{"x":0.29418784379959109,"y":0.48705172538757326,"z":-0.1785004884004593,"w":0.8027277588844299},"size":335.70806884765627,"orthographic":false}