{"cameraMode":{"drawMode":0,"name":"Shaded","section":"Shading Mode"},"sceneLighting":false,"audioPlay":false,"sceneViewState":{"showFog":false,"showMaterialUpdate":false,"showSkybox":false,"showFlares":false,"showImageEffects":false,"showParticleSystems":false},"in2DMode":false,"pivot":{"x":5.214745998382568,"y":2.261786699295044,"z":0.108673095703125},"rotation":{"x":0.13325223326683045,"y":0.04844732582569122,"z":-0.006521322298794985,"w":0.9898756742477417},"size":3.2993431091308595,"orthographic":false}