{"cameraMode":{"drawMode":0,"name":"Shaded","section":"Shading Mode"},"sceneLighting":false,"audioPlay":false,"sceneViewState":{"showFog":false,"showMaterialUpdate":false,"showSkybox":false,"showFlares":false,"showImageEffects":false,"showParticleSystems":false},"in2DMode":false,"pivot":{"x":5.599999904632568,"y":2.2100000381469728,"z":0.0},"rotation":{"x":0.14855225384235383,"y":0.18513713777065278,"z":-0.028323305770754815,"w":0.9710068106651306},"size":3.5993430614471437,"orthographic":false}