{"cameraMode":{"drawMode":0,"name":"Shaded","section":"Shading Mode"},"sceneLighting":true,"audioPlay":false,"sceneViewState":{"showFog":false,"showMaterialUpdate":false,"showSkybox":false,"showFlares":false,"showImageEffects":false,"showParticleSystems":false},"in2DMode":false,"pivot":{"x":34.67402648925781,"y":11.85869026184082,"z":-0.59375},"rotation":{"x":-0.07761010527610779,"y":0.008377506397664547,"z":0.000652384536806494,"w":0.9969500303268433},"size":26.129262924194337,"orthographic":false}