{"cameraMode":{"drawMode":0,"name":"Shaded","section":"Shading Mode"},"sceneLighting":false,"audioPlay":false,"sceneViewState":{"showFog":false,"showMaterialUpdate":false,"showSkybox":false,"showFlares":false,"showImageEffects":false,"showParticleSystems":false},"in2DMode":false,"pivot":{"x":0.20158594846725465,"y":-1.5104913711547852,"z":0.0},"rotation":{"x":-0.041652925312519076,"y":-0.035058993846178058,"z":-0.0014622824965044857,"w":0.9985158443450928},"size":2.3807578086853029,"orthographic":false}